{"data":[{"@type":"g:TraversalMetrics","@value":{"@type":"g:Map","@value":["dur",{"@type":"g:Double","@value":1362.353322},"metrics",{"@type":"g:List","@value":[{"@type":"g:Metrics","@value":{"@type":"g:Map","@value":["dur",{"@type":"g:Double","@value":1362.353322},"counts",{"@type":"g:Map","@value":["traverserCount",{"@type":"g:Int64","@value":48026},"elementCount",{"@type":"g:Int64","@value":48026}]},"name","NeptuneGraphQueryStep(Edge)","annotations",{"@type":"g:Map","@value":["percentDur",{"@type":"g:Double","@value":100}]},"id","8.0.0()"]}}]}]}}]}
